{
	"credit": "Made with Blockbench",
	"texture_size": [64, 64],
	"textures": {
		"0": "item/custom/headstone_saboteur",
		"particle": "item/custom/headstone_saboteur"
	},
	"elements": [
		{
			"from": [-4, 7, 31],
			"to": [7, 24, 32],
			"faces": {
				"north": {"uv": [0, 5.5, 3.75, 10.75], "texture": "#0"},
				"east": {"uv": [8, 5.5, 8.25, 10.75], "texture": "#0"},
				"south": {"uv": [3.75, 5.5, 7.5, 10.75], "texture": "#0"},
				"west": {"uv": [8.25, 5.5, 8.5, 10.75], "texture": "#0"},
				"up": {"uv": [12.25, 3.75, 8.5, 3.5], "texture": "#0"},
				"down": {"uv": [12.25, 3.75, 8.5, 4], "texture": "#0"}
			}
		},
		{
			"from": [-7, 7, 30],
			"to": [10, 28, 31],
			"faces": {
				"north": {"uv": [0, 5.5, 3.75, 10.75], "texture": "#0"},
				"east": {"uv": [8, 5.5, 8.25, 10.75], "texture": "#0"},
				"south": {"uv": [3.75, 5.5, 7.5, 10.75], "texture": "#0"},
				"west": {"uv": [8.25, 5.5, 8.5, 10.75], "texture": "#0"},
				"up": {"uv": [12.25, 3.75, 8.5, 3.5], "texture": "#0"},
				"down": {"uv": [12.25, 3.75, 8.5, 4], "texture": "#0"}
			}
		},
		{
			"from": [-8, 7, 29],
			"to": [11, 29, 30],
			"faces": {
				"north": {"uv": [0, 0, 4.25, 5.5], "texture": "#0"},
				"east": {"uv": [7.5, 5.5, 7.75, 11], "texture": "#0"},
				"south": {"uv": [4.25, 0, 8.5, 5.5], "texture": "#0"},
				"west": {"uv": [7.75, 5.5, 8, 11], "texture": "#0"},
				"up": {"uv": [12.75, 3.25, 8.5, 3], "texture": "#0"},
				"down": {"uv": [12.75, 3.25, 8.5, 3.5], "texture": "#0"}
			}
		},
		{
			"from": [6, 20, 28.8],
			"to": [7, 24, 29],
			"faces": {
				"north": {"uv": [8.5, 5, 8.75, 6], "texture": "#0"},
				"east": {"uv": [8.5, 6, 8.75, 7], "texture": "#0"},
				"south": {"uv": [8.5, 7, 8.75, 8], "texture": "#0"},
				"west": {"uv": [8.5, 8, 8.75, 9], "texture": "#0"},
				"up": {"uv": [10.5, 5.25, 10.25, 5], "texture": "#0"},
				"down": {"uv": [10.5, 5.25, 10.25, 5.5], "texture": "#0"}
			}
		},
		{
			"from": [4, 20, 28.8],
			"to": [5, 21, 29],
			"faces": {
				"north": {"uv": [10.25, 5.5, 10.5, 5.75], "texture": "#0"},
				"east": {"uv": [10.25, 5.75, 10.5, 6], "texture": "#0"},
				"south": {"uv": [10.25, 6, 10.5, 6.25], "texture": "#0"},
				"west": {"uv": [10.25, 6.25, 10.5, 6.5], "texture": "#0"},
				"up": {"uv": [10.5, 6.75, 10.25, 6.5], "texture": "#0"},
				"down": {"uv": [10.5, 7.75, 10.25, 8], "texture": "#0"}
			}
		},
		{
			"from": [5, 21, 28.8],
			"to": [6, 22, 29],
			"faces": {
				"north": {"uv": [10.25, 8, 10.5, 8.25], "texture": "#0"},
				"east": {"uv": [8.5, 10.25, 8.75, 10.5], "texture": "#0"},
				"south": {"uv": [8.75, 10.25, 9, 10.5], "texture": "#0"},
				"west": {"uv": [9, 10.25, 9.25, 10.5], "texture": "#0"},
				"up": {"uv": [9.5, 10.5, 9.25, 10.25], "texture": "#0"},
				"down": {"uv": [9.75, 10.25, 9.5, 10.5], "texture": "#0"}
			}
		},
		{
			"from": [4, 22, 28.8],
			"to": [5, 23, 29],
			"faces": {
				"north": {"uv": [10.25, 9.5, 10.5, 9.75], "texture": "#0"},
				"east": {"uv": [9.75, 10.25, 10, 10.5], "texture": "#0"},
				"south": {"uv": [10.25, 9.75, 10.5, 10], "texture": "#0"},
				"west": {"uv": [10, 10.25, 10.25, 10.5], "texture": "#0"},
				"up": {"uv": [10.5, 10.25, 10.25, 10], "texture": "#0"},
				"down": {"uv": [10.5, 10.25, 10.25, 10.5], "texture": "#0"}
			}
		},
		{
			"from": [0, 23, 28.8],
			"to": [3, 24, 29],
			"faces": {
				"north": {"uv": [9, 8.5, 9.75, 8.75], "texture": "#0"},
				"east": {"uv": [10.5, 0, 10.75, 0.25], "texture": "#0"},
				"south": {"uv": [9, 8.75, 9.75, 9], "texture": "#0"},
				"west": {"uv": [10.5, 0.25, 10.75, 0.5], "texture": "#0"},
				"up": {"uv": [9.75, 9.25, 9, 9], "texture": "#0"},
				"down": {"uv": [9.75, 9.25, 9, 9.5], "texture": "#0"}
			}
		},
		{
			"from": [1, 21, 28.8],
			"to": [2, 23, 29],
			"faces": {
				"north": {"uv": [8.75, 9.5, 9, 10], "texture": "#0"},
				"east": {"uv": [9, 9.5, 9.25, 10], "texture": "#0"},
				"south": {"uv": [9.25, 9.5, 9.5, 10], "texture": "#0"},
				"west": {"uv": [9.5, 9.5, 9.75, 10], "texture": "#0"},
				"up": {"uv": [10.75, 0.75, 10.5, 0.5], "texture": "#0"},
				"down": {"uv": [10.75, 0.75, 10.5, 1], "texture": "#0"}
			}
		},
		{
			"from": [5, 23, 28.8],
			"to": [6, 24, 29],
			"faces": {
				"north": {"uv": [10.5, 2.5, 10.75, 2.75], "texture": "#0"},
				"east": {"uv": [10.5, 2.75, 10.75, 3], "texture": "#0"},
				"south": {"uv": [10.5, 4, 10.75, 4.25], "texture": "#0"},
				"west": {"uv": [10.5, 4.25, 10.75, 4.5], "texture": "#0"},
				"up": {"uv": [10.75, 5.25, 10.5, 5], "texture": "#0"},
				"down": {"uv": [10.75, 5.25, 10.5, 5.5], "texture": "#0"}
			}
		},
		{
			"from": [0, 20, 28.8],
			"to": [3, 21, 29],
			"faces": {
				"north": {"uv": [9.5, 5, 10.25, 5.25], "texture": "#0"},
				"east": {"uv": [10.5, 5.5, 10.75, 5.75], "texture": "#0"},
				"south": {"uv": [9.5, 5.25, 10.25, 5.5], "texture": "#0"},
				"west": {"uv": [10.5, 5.75, 10.75, 6], "texture": "#0"},
				"up": {"uv": [10.25, 5.75, 9.5, 5.5], "texture": "#0"},
				"down": {"uv": [10.25, 5.75, 9.5, 6], "texture": "#0"}
			}
		},
		{
			"from": [-2, 20, 28.8],
			"to": [-1, 24, 29],
			"faces": {
				"north": {"uv": [8.75, 5, 9, 6], "texture": "#0"},
				"east": {"uv": [8.75, 6, 9, 7], "texture": "#0"},
				"south": {"uv": [8.75, 7, 9, 8], "texture": "#0"},
				"west": {"uv": [8.75, 8, 9, 9], "texture": "#0"},
				"up": {"uv": [10.75, 6.25, 10.5, 6], "texture": "#0"},
				"down": {"uv": [10.75, 6.25, 10.5, 6.5], "texture": "#0"}
			}
		},
		{
			"from": [-3, 21, 28.8],
			"to": [-2, 22, 29],
			"faces": {
				"north": {"uv": [10.5, 6.5, 10.75, 6.75], "texture": "#0"},
				"east": {"uv": [10.5, 6.75, 10.75, 7], "texture": "#0"},
				"south": {"uv": [10.5, 7, 10.75, 7.25], "texture": "#0"},
				"west": {"uv": [10.5, 7.25, 10.75, 7.5], "texture": "#0"},
				"up": {"uv": [10.75, 7.75, 10.5, 7.5], "texture": "#0"},
				"down": {"uv": [10.75, 7.75, 10.5, 8], "texture": "#0"}
			}
		},
		{
			"from": [-4, 21, 28.8],
			"to": [-3, 22, 29],
			"faces": {
				"north": {"uv": [10.5, 8, 10.75, 8.25], "texture": "#0"},
				"east": {"uv": [10.5, 8.25, 10.75, 8.5], "texture": "#0"},
				"south": {"uv": [8.5, 10.5, 8.75, 10.75], "texture": "#0"},
				"west": {"uv": [10.5, 8.5, 10.75, 8.75], "texture": "#0"},
				"up": {"uv": [9, 10.75, 8.75, 10.5], "texture": "#0"},
				"down": {"uv": [10.75, 8.75, 10.5, 9], "texture": "#0"}
			}
		},
		{
			"from": [-4, 22, 28.8],
			"to": [-3, 23, 29],
			"faces": {
				"north": {"uv": [9, 10.5, 9.25, 10.75], "texture": "#0"},
				"east": {"uv": [10.5, 9, 10.75, 9.25], "texture": "#0"},
				"south": {"uv": [9.25, 10.5, 9.5, 10.75], "texture": "#0"},
				"west": {"uv": [10.5, 9.25, 10.75, 9.5], "texture": "#0"},
				"up": {"uv": [9.75, 10.75, 9.5, 10.5], "texture": "#0"},
				"down": {"uv": [10.75, 9.5, 10.5, 9.75], "texture": "#0"}
			}
		},
		{
			"from": [-4, 23, 28.8],
			"to": [-2, 24, 29],
			"faces": {
				"north": {"uv": [9.5, 8.25, 10, 8.5], "texture": "#0"},
				"east": {"uv": [9.75, 10.5, 10, 10.75], "texture": "#0"},
				"south": {"uv": [9.75, 6, 10.25, 6.25], "texture": "#0"},
				"west": {"uv": [10.5, 9.75, 10.75, 10], "texture": "#0"},
				"up": {"uv": [10.25, 6.5, 9.75, 6.25], "texture": "#0"},
				"down": {"uv": [10.25, 6.5, 9.75, 6.75], "texture": "#0"}
			}
		},
		{
			"from": [-7, 29, 29],
			"to": [-5, 30, 30],
			"faces": {
				"north": {"uv": [10, 8.25, 10.5, 8.5], "texture": "#0"},
				"east": {"uv": [10.25, 10.5, 10.5, 10.75], "texture": "#0"},
				"south": {"uv": [10, 8.5, 10.5, 8.75], "texture": "#0"},
				"west": {"uv": [10.5, 10.25, 10.75, 10.5], "texture": "#0"},
				"up": {"uv": [9.25, 10.25, 8.75, 10], "texture": "#0"},
				"down": {"uv": [10.5, 8.75, 10, 9], "texture": "#0"}
			}
		},
		{
			"from": [-3, 29, 29],
			"to": [6, 32, 30],
			"faces": {
				"north": {"uv": [8.5, 0, 10.25, 0.75], "texture": "#0"},
				"east": {"uv": [9.5, 6, 9.75, 6.75], "texture": "#0"},
				"south": {"uv": [8.5, 0.75, 10.25, 1.5], "texture": "#0"},
				"west": {"uv": [9.5, 6.75, 9.75, 7.5], "texture": "#0"},
				"up": {"uv": [10.25, 4.25, 8.5, 4], "texture": "#0"},
				"down": {"uv": [10.25, 4.25, 8.5, 4.5], "texture": "#0"}
			}
		},
		{
			"from": [-5, 29, 29],
			"to": [-3, 31, 30],
			"faces": {
				"north": {"uv": [9, 5, 9.5, 5.5], "texture": "#0"},
				"east": {"uv": [9.75, 6.75, 10, 7.25], "texture": "#0"},
				"south": {"uv": [9, 5.5, 9.5, 6], "texture": "#0"},
				"west": {"uv": [9.75, 7.25, 10, 7.75], "texture": "#0"},
				"up": {"uv": [10.25, 8, 9.75, 7.75], "texture": "#0"},
				"down": {"uv": [10.25, 8, 9.75, 8.25], "texture": "#0"}
			}
		},
		{
			"from": [6, 29, 29],
			"to": [8, 31, 30],
			"faces": {
				"north": {"uv": [9, 6, 9.5, 6.5], "texture": "#0"},
				"east": {"uv": [9.75, 8.5, 10, 9], "texture": "#0"},
				"south": {"uv": [9, 6.5, 9.5, 7], "texture": "#0"},
				"west": {"uv": [9.75, 9, 10, 9.5], "texture": "#0"},
				"up": {"uv": [10.25, 9.75, 9.75, 9.5], "texture": "#0"},
				"down": {"uv": [10.25, 9.75, 9.75, 10], "texture": "#0"}
			}
		},
		{
			"from": [8, 29, 29],
			"to": [10, 30, 30],
			"faces": {
				"north": {"uv": [10, 6.75, 10.5, 7], "texture": "#0"},
				"east": {"uv": [10, 10.5, 10.25, 10.75], "texture": "#0"},
				"south": {"uv": [10, 7, 10.5, 7.25], "texture": "#0"},
				"west": {"uv": [10.5, 10, 10.75, 10.25], "texture": "#0"},
				"up": {"uv": [10.5, 7.5, 10, 7.25], "texture": "#0"},
				"down": {"uv": [10.5, 7.5, 10, 7.75], "texture": "#0"}
			}
		},
		{
			"from": [-7, 28, 30],
			"to": [-5, 29, 31],
			"faces": {
				"north": {"uv": [10, 9, 10.5, 9.25], "texture": "#0"},
				"east": {"uv": [10.5, 10.5, 10.75, 10.75], "texture": "#0"},
				"south": {"uv": [9.25, 10, 9.75, 10.25], "texture": "#0"},
				"west": {"uv": [0, 10.75, 0.25, 11], "texture": "#0"},
				"up": {"uv": [10.5, 9.5, 10, 9.25], "texture": "#0"},
				"down": {"uv": [10.25, 10, 9.75, 10.25], "texture": "#0"}
			}
		},
		{
			"from": [-5, 28, 30],
			"to": [-3, 30, 31],
			"faces": {
				"north": {"uv": [9, 7, 9.5, 7.5], "texture": "#0"},
				"east": {"uv": [10.25, 0, 10.5, 0.5], "texture": "#0"},
				"south": {"uv": [9, 7.5, 9.5, 8], "texture": "#0"},
				"west": {"uv": [10.25, 0.5, 10.5, 1], "texture": "#0"},
				"up": {"uv": [10.75, 1.25, 10.25, 1], "texture": "#0"},
				"down": {"uv": [10.75, 1.25, 10.25, 1.5], "texture": "#0"}
			}
		},
		{
			"from": [-3, 28, 30],
			"to": [6, 31, 31],
			"faces": {
				"north": {"uv": [8.5, 1.5, 10.25, 2.25], "texture": "#0"},
				"east": {"uv": [9.5, 7.5, 9.75, 8.25], "texture": "#0"},
				"south": {"uv": [8.5, 2.25, 10.25, 3], "texture": "#0"},
				"west": {"uv": [8.5, 9.5, 8.75, 10.25], "texture": "#0"},
				"up": {"uv": [10.25, 4.75, 8.5, 4.5], "texture": "#0"},
				"down": {"uv": [10.25, 4.75, 8.5, 5], "texture": "#0"}
			}
		},
		{
			"from": [8, 28, 30],
			"to": [10, 29, 31],
			"faces": {
				"north": {"uv": [10.25, 1.5, 10.75, 1.75], "texture": "#0"},
				"east": {"uv": [10.75, 0, 11, 0.25], "texture": "#0"},
				"south": {"uv": [10.25, 1.75, 10.75, 2], "texture": "#0"},
				"west": {"uv": [0.25, 10.75, 0.5, 11], "texture": "#0"},
				"up": {"uv": [10.75, 2.25, 10.25, 2], "texture": "#0"},
				"down": {"uv": [10.75, 2.25, 10.25, 2.5], "texture": "#0"}
			}
		},
		{
			"from": [6, 28, 30],
			"to": [8, 30, 31],
			"faces": {
				"north": {"uv": [9, 8, 9.5, 8.5], "texture": "#0"},
				"east": {"uv": [10.25, 2.5, 10.5, 3], "texture": "#0"},
				"south": {"uv": [8.5, 9, 9, 9.5], "texture": "#0"},
				"west": {"uv": [10.25, 4, 10.5, 4.5], "texture": "#0"},
				"up": {"uv": [10.75, 4.75, 10.25, 4.5], "texture": "#0"},
				"down": {"uv": [10.75, 4.75, 10.25, 5], "texture": "#0"}
			}
		},
		{
			"from": [-1, 24, 31],
			"to": [4, 26, 32],
			"faces": {
				"north": {"uv": [10.75, 0.25, 12, 0.75], "texture": "#0"},
				"east": {"uv": [10.75, 2, 11, 2.5], "texture": "#0"},
				"south": {"uv": [0.5, 10.75, 1.75, 11.25], "texture": "#0"},
				"west": {"uv": [2.25, 10.75, 2.5, 11.25], "texture": "#0"},
				"up": {"uv": [12, 1, 10.75, 0.75], "texture": "#0"},
				"down": {"uv": [12, 1, 10.75, 1.25], "texture": "#0"}
			}
		},
		{
			"from": [4, 24, 31],
			"to": [6, 25, 32],
			"faces": {
				"north": {"uv": [2.5, 10.75, 3, 11], "texture": "#0"},
				"east": {"uv": [4, 10.75, 4.25, 11], "texture": "#0"},
				"south": {"uv": [10.75, 2.5, 11.25, 2.75], "texture": "#0"},
				"west": {"uv": [10.75, 4, 11, 4.25], "texture": "#0"},
				"up": {"uv": [11.25, 3, 10.75, 2.75], "texture": "#0"},
				"down": {"uv": [3.5, 10.75, 3, 11], "texture": "#0"}
			}
		},
		{
			"from": [-3, 24, 31],
			"to": [-1, 25, 32],
			"faces": {
				"north": {"uv": [10.75, 1.25, 11.25, 1.5], "texture": "#0"},
				"east": {"uv": [3.5, 10.75, 3.75, 11], "texture": "#0"},
				"south": {"uv": [10.75, 1.5, 11.25, 1.75], "texture": "#0"},
				"west": {"uv": [3.75, 10.75, 4, 11], "texture": "#0"},
				"up": {"uv": [2.25, 11, 1.75, 10.75], "texture": "#0"},
				"down": {"uv": [11.25, 1.75, 10.75, 2], "texture": "#0"}
			}
		}
	],
	"groups": [
		0,
		1,
		2,
		{
			"name": "text",
			"origin": [0, 0, 0],
			"color": 0,
			"children": [3, 4, 5, 6, 7, 8, 9, 10, 11, 12, 13, 14, 15]
		},
		{
			"name": "group",
			"origin": [0, 0, 0],
			"color": 0,
			"children": [16, 17, 18, 19, 20]
		},
		{
			"name": "group",
			"origin": [0, 0, 0],
			"color": 0,
			"children": [21, 22, 23, 24, 25]
		},
		26,
		27,
		28
	]
}